dealer_no,dealer_name,display_name,search_query,city,state,existing_phone
10019203,ADVANCED AIR SOLUTIONS SYSTEMS INC,Advanced Air Solutions Systems,Advanced Air Solutions Systems HVAC WASHINGTON North Carolina,WASHINGTON,North Carolina,
10126018,AIR SYSTEM EXPERTS,Air System Experts,Air System Experts HVAC Donna Texas,Donna,Texas,
10214007,ARCTIC A/C AND HEATING,Arctic Air,Arctic Air HVAC Hull Texas,Hull,Texas,
10241003,ASTRO TEX,Astro-Tex Air,Astro-Tex Air HVAC Houston Texas,Houston,Texas,
106974,AT TEMP MECHANICAL,At Temp Mechanical,At Temp Mechanical HVAC BENSENVILLE Illinois,BENSENVILLE,Illinois,224-427-4430
10425015,ATLANTIC COMFORT SYSTEMS,Atlantic Comfort Systems,Atlantic Comfort Systems HVAC Sparta New Jersey,Sparta,New Jersey,973-459-8132
10127005,Advanced Solutions LLC,Advanced Solutions LLC,Advanced Solutions LLC HVAC,,,260-919-4054
107949,Air Technicans,Air Technicians Inc.,Air Technicians Inc. HVAC Lake Villa Illinois,Lake Villa,Illinois,
10019057,Airtech Mechanical Services,"Airtech Mechanical Services, Inc.","Airtech Mechanical Services, Inc. HVAC New Bern North Carolina",New Bern,North Carolina,
10217022,"Arctic Air Works, LLC","Arctic Air Works, LLC","Arctic Air Works, LLC HVAC Starks Louisiana",Starks,Louisiana,
10169032,Art Smith & Son,Art Smith and Son,Art Smith and Son HVAC Fleetwood Pennsylvania,Fleetwood,Pennsylvania,
10019027,"Bill Mohn Heating and Cooling, LLC",Bill Mohn Heating and Cooling,Bill Mohn Heating and Cooling HVAC Mohnton Pennsylvania,Mohnton,Pennsylvania,4847961685
10206000,Bird Ventilation and Gas fitting,Bird Ventilation and Gasfitting LTD.,Bird Ventilation and Gasfitting LTD. HVAC Vernon British Columbia,Vernon,British Columbia,250-540-0398
10325016,Brotherton's Heating & Air,Brotherton's Heating & Air,Brotherton's Heating & Air HVAC Lafollette Tennessee,Lafollette,Tennessee,423-494-2088
10177001,C&G Mechanical,C&G Mechanical,C&G Mechanical HVAC Richmond Texas,Richmond,Texas,
106944,CARSTENS PLUMBING & HEATING CO. INC,Carstens Plumbing and Heating,Carstens Plumbing and Heating HVAC IOWA FALLS Iowa,IOWA FALLS,Iowa,
104098,CHASE HEATING & COOLING,Chase Heating and Cooling,Chase Heating and Cooling HVAC OSWEGO Illinois,OSWEGO,Illinois,630-551-5332
10042030,CORTINA HVAC,Cortina Heating and Cooling,Cortina Heating and Cooling HVAC BERWYN Illinois,BERWYN,Illinois,773-416-0369
10159012,Chipps Residential Services LLC,Chipps Residential Services LLC,Chipps Residential Services LLC HVAC UNIONTOWN Pennsylvania,UNIONTOWN,Pennsylvania,815-756-8936
10406011,Cool Experts Heating and Air,Cool Experts AC,Cool Experts AC HVAC Richardson Texas,Richardson,Texas,9723628757
106883,DEREK PIKE HVACR,Derek Pike HVACR,Derek Pike HVACR HVAC MASON CITY Iowa,MASON CITY,Iowa,6415305845
100163,DYE PLUMBING & HEATING INC,Dye Plumbing and Heating Service Co.,Dye Plumbing and Heating Service Co. HVAC LA PORTE Indiana,LA PORTE,Indiana,219-369-4295
10177000,DeLong and Son HVAC,DeLong and Sons HVAC,DeLong and Sons HVAC HVAC Shoemakersville Pennsylvania,Shoemakersville,Pennsylvania,
10076000,Delta Heating and Air,Delta Heating and Air,Delta Heating and Air HVAC St Paul Nebraska,St Paul,Nebraska,
10454016,Elite AC Solutions,Elite AC Solutions,Elite AC Solutions HVAC Havelock North Carolina,Havelock,North Carolina,252-773-3119
10503011,FRANK DEVOS HTG & CLG,Frank DeVos National Heating & Cooling,Frank DeVos National Heating & Cooling HVAC Chesterfield Michigan,Chesterfield,Michigan,5869491818
108118,Ginsel Heating & Air LLC,Ginsel Heating,Ginsel Heating HVAC Huntsville Texas,Huntsville,Texas,
975,H & H SUPPLY,"H and H Plumbing, Heating and Cooling","H and H Plumbing, Heating and Cooling HVAC MANSFIELD Ohio",MANSFIELD,Ohio,
10330023,High Performance Home Systems,High Performance,High Performance HVAC Houston Texas,Houston,Texas,8326922489
10330030,INTEGRITY A/C,INTEGRITY AC,INTEGRITY AC HVAC Beaumont Texas,Beaumont,Texas,409-791-3481
10216023,Icon Heating & Cooling LLC.,Icon Heating and Cooling,Icon Heating and Cooling HVAC West  Chester Ohio,West  Chester,Ohio,513-981-8369
103801,Jeff’s Heating and Cooling LLC,Jeff's Heating and Cooling,Jeff's Heating and Cooling HVAC Fort Wayne Indiana,Fort Wayne,Indiana,
10431009,KTS Heating and Air,KTS Heating and Air,KTS Heating and Air HVAC Houston Texas,Houston,Texas,2816561466
108459,McCoy Boys HVAC,McCoy Boys HVAC,McCoy Boys HVAC HVAC Thorton Colorado,Thorton,Colorado,
10229021,McDonald Mechanical Services,McDonald Mechanical,McDonald Mechanical HVAC Orange Texas,Orange,Texas,
107642,North Country Plumbing & Heating,North Country Plumbing and Heating,North Country Plumbing and Heating HVAC Crosslake Minnesota,Crosslake,Minnesota,
10047081,"Paramount Plumbing, Heating, & AC","Paramount Plumbing, Heating and Air Conditioning","Paramount Plumbing, Heating and Air Conditioning HVAC Chester Springs Pennsylvania",Chester Springs,Pennsylvania,610-321-1788
10452034,Peace Heating And Air,Peace Heating & Air,Peace Heating & Air HVAC Burleson Texas,Burleson,Texas,8178836508
10391022,Prevent Service,Prevent Services,Prevent Services HVAC Knoxville Tennessee,Knoxville,Tennessee,8652132771
10122026,Ron's Heating & Cooling,,Ron's Heating & Cooling HVAC Agassiz British Columbia,Agassiz,British Columbia,604-798-5981
102238,STEPHANY HEATING & A/C,Stephany Heating and Air Conditioning LLC.,Stephany Heating and Air Conditioning LLC. HVAC LAPORTE Indiana,LAPORTE,Indiana,219-402-8182
10316008,Santos Mechanical LLC,Santos Mechanical LLC,Santos Mechanical LLC HVAC Douglassville Pennsylvania,Douglassville,Pennsylvania,4848904479
108325,Simply Comfortable Heating and Cooling,Simply Comfortable Heating and Cooling,Simply Comfortable Heating and Cooling HVAC Mt. Prospect Illinois,Mt. Prospect,Illinois,847-894-8000
10467010,Smart Air LLC,Smart Air LLC,Smart Air LLC HVAC Lancaster Pennsylvania,Lancaster,Pennsylvania,2232370114
1423,Standard Plumbing Heating & A/C,"Standard Plumbing, Heating, and AC","Standard Plumbing, Heating, and AC HVAC Plymouth Indiana",Plymouth,Indiana,219-763-4247
10269000,Tri-City Heating and Air Conditioning,Tri City Heating and Air,Tri City Heating and Air HVAC Cairo Nebraska,Cairo,Nebraska,
10445046,Trotter Air Services,Trotter Air Services,Trotter Air Services HVAC Plano Texas,Plano,Texas,972-424-9233
10327059,WILLIAMSON'S A/C,Williamson's AC,Williamson's AC HVAC WHITE SETTLEMENT Texas,WHITE SETTLEMENT,Texas,817-367-2074
10141004,"Whetzel’s Heating and Air, LLC","Whetzel’s Heating and Air, LLC","Whetzel’s Heating and Air, LLC HVAC",,,(740) 255-0078
