[
  {
    "dealer_no": "10019203",
    "dealer_name": "ADVANCED AIR SOLUTIONS SYSTEMS INC",
    "display_name": "Advanced Air Solutions Systems",
    "search_query": "Advanced Air Solutions Systems HVAC WASHINGTON North Carolina",
    "city": "WASHINGTON",
    "state": "North Carolina",
    "existing_phone": null
  },
  {
    "dealer_no": "10126018",
    "dealer_name": "AIR SYSTEM EXPERTS",
    "display_name": "Air System Experts",
    "search_query": "Air System Experts HVAC Donna Texas",
    "city": "Donna",
    "state": "Texas",
    "existing_phone": null
  },
  {
    "dealer_no": "10214007",
    "dealer_name": "ARCTIC A/C AND HEATING",
    "display_name": "Arctic Air",
    "search_query": "Arctic Air HVAC Hull Texas",
    "city": "Hull",
    "state": "Texas",
    "existing_phone": null
  },
  {
    "dealer_no": "10241003",
    "dealer_name": "ASTRO TEX",
    "display_name": "Astro-Tex Air",
    "search_query": "Astro-Tex Air HVAC Houston Texas",
    "city": "Houston",
    "state": "Texas",
    "existing_phone": null
  },
  {
    "dealer_no": "106974",
    "dealer_name": "AT TEMP MECHANICAL",
    "display_name": "At Temp Mechanical",
    "search_query": "At Temp Mechanical HVAC BENSENVILLE Illinois",
    "city": "BENSENVILLE",
    "state": "Illinois",
    "existing_phone": "224-427-4430"
  },
  {
    "dealer_no": "10425015",
    "dealer_name": "ATLANTIC COMFORT SYSTEMS",
    "display_name": "Atlantic Comfort Systems",
    "search_query": "Atlantic Comfort Systems HVAC Sparta New Jersey",
    "city": "Sparta",
    "state": "New Jersey",
    "existing_phone": "973-459-8132"
  },
  {
    "dealer_no": "10127005",
    "dealer_name": "Advanced Solutions LLC",
    "display_name": "Advanced Solutions LLC",
    "search_query": "Advanced Solutions LLC HVAC",
    "city": "",
    "state": "",
    "existing_phone": "260-919-4054"
  },
  {
    "dealer_no": "107949",
    "dealer_name": "Air Technicans",
    "display_name": "Air Technicians Inc.",
    "search_query": "Air Technicians Inc. HVAC Lake Villa Illinois",
    "city": "Lake Villa",
    "state": "Illinois",
    "existing_phone": null
  },
  {
    "dealer_no": "10019057",
    "dealer_name": "Airtech Mechanical Services",
    "display_name": "Airtech Mechanical Services, Inc.",
    "search_query": "Airtech Mechanical Services, Inc. HVAC New Bern North Carolina",
    "city": "New Bern",
    "state": "North Carolina",
    "existing_phone": null
  },
  {
    "dealer_no": "10217022",
    "dealer_name": "Arctic Air Works, LLC",
    "display_name": "Arctic Air Works, LLC",
    "search_query": "Arctic Air Works, LLC HVAC Starks Louisiana",
    "city": "Starks",
    "state": "Louisiana",
    "existing_phone": null
  },
  {
    "dealer_no": "10169032",
    "dealer_name": "Art Smith & Son",
    "display_name": "Art Smith and Son",
    "search_query": "Art Smith and Son HVAC Fleetwood Pennsylvania",
    "city": "Fleetwood",
    "state": "Pennsylvania",
    "existing_phone": null
  },
  {
    "dealer_no": "10019027",
    "dealer_name": "Bill Mohn Heating and Cooling, LLC",
    "display_name": "Bill Mohn Heating and Cooling",
    "search_query": "Bill Mohn Heating and Cooling HVAC Mohnton Pennsylvania",
    "city": "Mohnton",
    "state": "Pennsylvania",
    "existing_phone": "4847961685"
  },
  {
    "dealer_no": "10206000",
    "dealer_name": "Bird Ventilation and Gas fitting",
    "display_name": "Bird Ventilation and Gasfitting LTD.",
    "search_query": "Bird Ventilation and Gasfitting LTD. HVAC Vernon British Columbia",
    "city": "Vernon",
    "state": "British Columbia",
    "existing_phone": "250-540-0398"
  },
  {
    "dealer_no": "10325016",
    "dealer_name": "Brotherton's Heating & Air",
    "display_name": "Brotherton's Heating & Air",
    "search_query": "Brotherton's Heating & Air HVAC Lafollette Tennessee",
    "city": "Lafollette",
    "state": "Tennessee",
    "existing_phone": "423-494-2088"
  },
  {
    "dealer_no": "10177001",
    "dealer_name": "C&G Mechanical",
    "display_name": "C&G Mechanical",
    "search_query": "C&G Mechanical HVAC Richmond Texas",
    "city": "Richmond",
    "state": "Texas",
    "existing_phone": null
  },
  {
    "dealer_no": "106944",
    "dealer_name": "CARSTENS PLUMBING & HEATING CO. INC",
    "display_name": "Carstens Plumbing and Heating",
    "search_query": "Carstens Plumbing and Heating HVAC IOWA FALLS Iowa",
    "city": "IOWA FALLS",
    "state": "Iowa",
    "existing_phone": null
  },
  {
    "dealer_no": "104098",
    "dealer_name": "CHASE HEATING & COOLING",
    "display_name": "Chase Heating and Cooling",
    "search_query": "Chase Heating and Cooling HVAC OSWEGO Illinois",
    "city": "OSWEGO",
    "state": "Illinois",
    "existing_phone": "630-551-5332"
  },
  {
    "dealer_no": "10042030",
    "dealer_name": "CORTINA HVAC",
    "display_name": "Cortina Heating and Cooling",
    "search_query": "Cortina Heating and Cooling HVAC BERWYN Illinois",
    "city": "BERWYN",
    "state": "Illinois",
    "existing_phone": "773-416-0369"
  },
  {
    "dealer_no": "10159012",
    "dealer_name": "Chipps Residential Services LLC",
    "display_name": "Chipps Residential Services LLC",
    "search_query": "Chipps Residential Services LLC HVAC UNIONTOWN Pennsylvania",
    "city": "UNIONTOWN",
    "state": "Pennsylvania",
    "existing_phone": "815-756-8936"
  },
  {
    "dealer_no": "10406011",
    "dealer_name": "Cool Experts Heating and Air",
    "display_name": "Cool Experts AC",
    "search_query": "Cool Experts AC HVAC Richardson Texas",
    "city": "Richardson",
    "state": "Texas",
    "existing_phone": "9723628757"
  },
  {
    "dealer_no": "106883",
    "dealer_name": "DEREK PIKE HVACR",
    "display_name": "Derek Pike HVACR",
    "search_query": "Derek Pike HVACR HVAC MASON CITY Iowa",
    "city": "MASON CITY",
    "state": "Iowa",
    "existing_phone": "6415305845"
  },
  {
    "dealer_no": "100163",
    "dealer_name": "DYE PLUMBING & HEATING INC",
    "display_name": "Dye Plumbing and Heating Service Co.",
    "search_query": "Dye Plumbing and Heating Service Co. HVAC LA PORTE Indiana",
    "city": "LA PORTE",
    "state": "Indiana",
    "existing_phone": "219-369-4295"
  },
  {
    "dealer_no": "10177000",
    "dealer_name": "DeLong and Son HVAC",
    "display_name": "DeLong and Sons HVAC",
    "search_query": "DeLong and Sons HVAC HVAC Shoemakersville Pennsylvania",
    "city": "Shoemakersville",
    "state": "Pennsylvania",
    "existing_phone": null
  },
  {
    "dealer_no": "10076000",
    "dealer_name": "Delta Heating and Air",
    "display_name": "Delta Heating and Air",
    "search_query": "Delta Heating and Air HVAC St Paul Nebraska",
    "city": "St Paul",
    "state": "Nebraska",
    "existing_phone": null
  },
  {
    "dealer_no": "10454016",
    "dealer_name": "Elite AC Solutions",
    "display_name": "Elite AC Solutions",
    "search_query": "Elite AC Solutions HVAC Havelock North Carolina",
    "city": "Havelock",
    "state": "North Carolina",
    "existing_phone": "252-773-3119"
  },
  {
    "dealer_no": "10503011",
    "dealer_name": "FRANK DEVOS HTG & CLG",
    "display_name": "Frank DeVos National Heating & Cooling",
    "search_query": "Frank DeVos National Heating & Cooling HVAC Chesterfield Michigan",
    "city": "Chesterfield",
    "state": "Michigan",
    "existing_phone": "5869491818"
  },
  {
    "dealer_no": "108118",
    "dealer_name": "Ginsel Heating & Air LLC",
    "display_name": "Ginsel Heating",
    "search_query": "Ginsel Heating HVAC Huntsville Texas",
    "city": "Huntsville",
    "state": "Texas",
    "existing_phone": null
  },
  {
    "dealer_no": "975",
    "dealer_name": "H & H SUPPLY",
    "display_name": "H and H Plumbing, Heating and Cooling",
    "search_query": "H and H Plumbing, Heating and Cooling HVAC MANSFIELD Ohio",
    "city": "MANSFIELD",
    "state": "Ohio",
    "existing_phone": null
  },
  {
    "dealer_no": "10330023",
    "dealer_name": "High Performance Home Systems",
    "display_name": "High Performance",
    "search_query": "High Performance HVAC Houston Texas",
    "city": "Houston",
    "state": "Texas",
    "existing_phone": "8326922489"
  },
  {
    "dealer_no": "10330030",
    "dealer_name": "INTEGRITY A/C",
    "display_name": "INTEGRITY AC",
    "search_query": "INTEGRITY AC HVAC Beaumont Texas",
    "city": "Beaumont",
    "state": "Texas",
    "existing_phone": "409-791-3481"
  },
  {
    "dealer_no": "10216023",
    "dealer_name": "Icon Heating & Cooling LLC.",
    "display_name": "Icon Heating and Cooling",
    "search_query": "Icon Heating and Cooling HVAC West  Chester Ohio",
    "city": "West  Chester",
    "state": "Ohio",
    "existing_phone": "513-981-8369"
  },
  {
    "dealer_no": "103801",
    "dealer_name": "Jeff\u2019s Heating and Cooling LLC",
    "display_name": "Jeff's Heating and Cooling",
    "search_query": "Jeff's Heating and Cooling HVAC Fort Wayne Indiana",
    "city": "Fort Wayne",
    "state": "Indiana",
    "existing_phone": null
  },
  {
    "dealer_no": "10431009",
    "dealer_name": "KTS Heating and Air",
    "display_name": "KTS Heating and Air",
    "search_query": "KTS Heating and Air HVAC Houston Texas",
    "city": "Houston",
    "state": "Texas",
    "existing_phone": "2816561466"
  },
  {
    "dealer_no": "108459",
    "dealer_name": "McCoy Boys HVAC",
    "display_name": "McCoy Boys HVAC",
    "search_query": "McCoy Boys HVAC HVAC Thorton Colorado",
    "city": "Thorton",
    "state": "Colorado",
    "existing_phone": null
  },
  {
    "dealer_no": "10229021",
    "dealer_name": "McDonald Mechanical Services",
    "display_name": "McDonald Mechanical",
    "search_query": "McDonald Mechanical HVAC Orange Texas",
    "city": "Orange",
    "state": "Texas",
    "existing_phone": null
  },
  {
    "dealer_no": "107642",
    "dealer_name": "North Country Plumbing & Heating",
    "display_name": "North Country Plumbing and Heating",
    "search_query": "North Country Plumbing and Heating HVAC Crosslake Minnesota",
    "city": "Crosslake",
    "state": "Minnesota",
    "existing_phone": null
  },
  {
    "dealer_no": "10047081",
    "dealer_name": "Paramount Plumbing, Heating, & AC",
    "display_name": "Paramount Plumbing, Heating and Air Conditioning",
    "search_query": "Paramount Plumbing, Heating and Air Conditioning HVAC Chester Springs Pennsylvania",
    "city": "Chester Springs",
    "state": "Pennsylvania",
    "existing_phone": "610-321-1788"
  },
  {
    "dealer_no": "10452034",
    "dealer_name": "Peace Heating And Air",
    "display_name": "Peace Heating & Air",
    "search_query": "Peace Heating & Air HVAC Burleson Texas",
    "city": "Burleson",
    "state": "Texas",
    "existing_phone": "8178836508"
  },
  {
    "dealer_no": "10391022",
    "dealer_name": "Prevent Service",
    "display_name": "Prevent Services",
    "search_query": "Prevent Services HVAC Knoxville Tennessee",
    "city": "Knoxville",
    "state": "Tennessee",
    "existing_phone": "8652132771"
  },
  {
    "dealer_no": "10122026",
    "dealer_name": "Ron's Heating & Cooling",
    "display_name": null,
    "search_query": "Ron's Heating & Cooling HVAC Agassiz British Columbia",
    "city": "Agassiz",
    "state": "British Columbia",
    "existing_phone": "604-798-5981"
  },
  {
    "dealer_no": "102238",
    "dealer_name": "STEPHANY HEATING & A/C",
    "display_name": "Stephany Heating and Air Conditioning LLC.",
    "search_query": "Stephany Heating and Air Conditioning LLC. HVAC LAPORTE Indiana",
    "city": "LAPORTE",
    "state": "Indiana",
    "existing_phone": "219-402-8182"
  },
  {
    "dealer_no": "10316008",
    "dealer_name": "Santos Mechanical LLC",
    "display_name": "Santos Mechanical LLC",
    "search_query": "Santos Mechanical LLC HVAC Douglassville Pennsylvania",
    "city": "Douglassville",
    "state": "Pennsylvania",
    "existing_phone": "4848904479"
  },
  {
    "dealer_no": "108325",
    "dealer_name": "Simply Comfortable Heating and Cooling",
    "display_name": "Simply Comfortable Heating and Cooling",
    "search_query": "Simply Comfortable Heating and Cooling HVAC Mt. Prospect Illinois",
    "city": "Mt. Prospect",
    "state": "Illinois",
    "existing_phone": "847-894-8000"
  },
  {
    "dealer_no": "10467010",
    "dealer_name": "Smart Air LLC",
    "display_name": "Smart Air LLC",
    "search_query": "Smart Air LLC HVAC Lancaster Pennsylvania",
    "city": "Lancaster",
    "state": "Pennsylvania",
    "existing_phone": "2232370114"
  },
  {
    "dealer_no": "1423",
    "dealer_name": "Standard Plumbing Heating & A/C",
    "display_name": "Standard Plumbing, Heating, and AC",
    "search_query": "Standard Plumbing, Heating, and AC HVAC Plymouth Indiana",
    "city": "Plymouth",
    "state": "Indiana",
    "existing_phone": "219-763-4247"
  },
  {
    "dealer_no": "10269000",
    "dealer_name": "Tri-City Heating and Air Conditioning",
    "display_name": "Tri City Heating and Air",
    "search_query": "Tri City Heating and Air HVAC Cairo Nebraska",
    "city": "Cairo",
    "state": "Nebraska",
    "existing_phone": null
  },
  {
    "dealer_no": "10445046",
    "dealer_name": "Trotter Air Services",
    "display_name": "Trotter Air Services",
    "search_query": "Trotter Air Services HVAC Plano Texas",
    "city": "Plano",
    "state": "Texas",
    "existing_phone": "972-424-9233"
  },
  {
    "dealer_no": "10327059",
    "dealer_name": "WILLIAMSON'S A/C",
    "display_name": "Williamson's AC",
    "search_query": "Williamson's AC HVAC WHITE SETTLEMENT Texas",
    "city": "WHITE SETTLEMENT",
    "state": "Texas",
    "existing_phone": "817-367-2074"
  },
  {
    "dealer_no": "10141004",
    "dealer_name": "Whetzel\u2019s Heating and Air, LLC",
    "display_name": "Whetzel\u2019s Heating and Air, LLC",
    "search_query": "Whetzel\u2019s Heating and Air, LLC HVAC",
    "city": "",
    "state": "",
    "existing_phone": "(740) 255-0078"
  }
]